CRASH DATE,CRASH TIME,BOROUGH,ZIP CODE,LATITUDE,LONGITUDE,LOCATION,ON STREET NAME,CROSS STREET NAME,OFF STREET NAME,NUMBER OF PERSONS INJURED,NUMBER OF PERSONS KILLED,NUMBER OF PEDESTRIANS INJURED,NUMBER OF PEDESTRIANS KILLED,NUMBER OF CYCLIST INJURED,NUMBER OF CYCLIST KILLED,NUMBER OF MOTORIST INJURED,NUMBER OF MOTORIST KILLED,CONTRIBUTING FACTOR VEHICLE 1,CONTRIBUTING FACTOR VEHICLE 2,CONTRIBUTING FACTOR VEHICLE 3,CONTRIBUTING FACTOR VEHICLE 4,CONTRIBUTING FACTOR VEHICLE 5,COLLISION_ID,VEHICLE TYPE CODE 1,VEHICLE TYPE CODE 2,VEHICLE TYPE CODE 3,VEHICLE TYPE CODE 4,VEHICLE TYPE CODE 5
05/08/2022,6:28,,,,,,QUEENSBORO BRIDGE UPPER,,,0,0,0,0,0,0,0,0,Driver Inattention/Distraction,,,,,4525680,Sedan,,,,
05/08/2022,14:00,QUEENS,11373,40.73957,-73.86705,"(40.73957, -73.86705)",53 AVENUE,JUNCTION BOULEVARD,,0,0,0,0,0,0,0,0,Unspecified,Unspecified,,,,4526675,E-Scooter,Station Wagon/Sport Utility Vehicle,,,
05/08/2022,15:00,BROOKLYN,11206,0,0,"(0.0, 0.0)",MARCY AVENUE,MYRTLE AVENUE,,0,0,0,0,0,0,0,0,Driver Inattention/Distraction,Unspecified,,,,4526649,Sedan,,,,
05/08/2022,15:10,BROOKLYN,11205,40.69279,-73.95206,"(40.69279, -73.95206)",HART STREET,NOSTRAND AVENUE,,1,0,1,0,0,0,0,0,Backing Unsafely,,,,,4526651,Sedan,,,,
05/08/2022,22:25,MANHATTAN,10012,40.723167,-73.99913,"(40.723167, -73.99913)",,,96        SPRING STREET,0,0,0,0,0,0,0,0,Following Too Closely,Unspecified,,,,4525902,Station Wagon/Sport Utility Vehicle,,,,
05/08/2022,7:45,,,40.735764,-73.97491,"(40.735764, -73.97491)",FDR DRIVE,,,1,0,0,0,0,0,1,0,Driver Inexperience,,,,,4526161,Station Wagon/Sport Utility Vehicle,,,,
05/08/2022,10:08,,,40.663925,-73.89961,"(40.663925, -73.89961)",LIVONIA AVENUE,,,0,0,0,0,0,0,0,0,Unspecified,,,,,4526013,Station Wagon/Sport Utility Vehicle,Carry All,,,
05/08/2022,3:20,MANHATTAN,10012,0,0,"(0.0, 0.0)",BOWERY,DELANCEY STREET,,0,0,0,0,0,0,0,0,Failure to Yield Right-of-Way,Unspecified,,,,4525601,Station Wagon/Sport Utility Vehicle,Sedan,,,
05/08/2022,18:30,,,40.850807,-73.86781,"(40.850807, -73.86781)",BRONX PARK EAST,,,0,0,0,0,0,0,0,0,Driver Inattention/Distraction,Driver Inattention/Distraction,,,,4525969,Sedan,Sedan,,,
05/08/2022,10:08,,,40.686237,-73.839066,"(40.686237, -73.839066)",101 AVENUE,,,0,0,0,0,0,0,0,0,Passing or Lane Usage Improper,Unspecified,Unspecified,Unspecified,,4526059,Sedan,Sedan,Sedan,,
05/08/2022,0:30,,,40.76645,-73.9085,"(40.76645, -73.9085)",44 STREET,,,0,0,0,0,0,0,0,0,Unspecified,Unspecified,,,,4525622,Sedan,Sedan,,,
05/08/2022,19:05,QUEENS,11418,0,0,"(0.0, 0.0)",,,91-45     117 STREET,0,0,0,0,0,0,0,0,Alcohol Involvement,Unspecified,Unspecified,,,4526087,Station Wagon/Sport Utility Vehicle,Station Wagon/Sport Utility Vehicle,ICE CREAM,,
05/08/2022,19:27,QUEENS,11423,40.714115,-73.77491,"(40.714115, -73.77491)",,,88-39     187 STREET,2,0,0,0,0,0,2,0,Driver Inattention/Distraction,,,,,4526504,Sedan,,,,
05/08/2022,5:50,QUEENS,11377,40.740894,-73.89961,"(40.740894, -73.89961)",65 PLACE,QUEENS BOULEVARD,,0,0,0,0,0,0,0,0,Driver Inattention/Distraction,Unspecified,,,,4525681,Station Wagon/Sport Utility Vehicle,Sedan,,,
05/08/2022,22:55,QUEENS,11361,40.75382,-73.77931,"(40.75382, -73.77931)",47 AVENUE,202 STREET,,0,0,0,0,0,0,0,0,Backing Unsafely,Unspecified,,,,4525876,Station Wagon/Sport Utility Vehicle,Sedan,,,
05/08/2022,14:02,BRONX,10467,40.884068,-73.85917,"(40.884068, -73.85917)",EAST 221 STREET,BARNES AVENUE,,0,0,0,0,0,0,0,0,Traffic Control Disregarded,Following Too Closely,,,,4526203,Sedan,Sedan,,,
05/08/2022,11:00,BROOKLYN,11226,40.653652,-73.95836,"(40.653652, -73.95836)",,,27        LENOX ROAD,0,0,0,0,0,0,0,0,Unspecified,,,,,4526314,Station Wagon/Sport Utility Vehicle,,,,
05/08/2022,2:20,BROOKLYN,11216,40.691708,-73.94849,"(40.691708, -73.94849)",DE KALB AVENUE,MARCY AVENUE,,0,0,0,0,0,0,0,0,Alcohol Involvement,Unspecified,Unspecified,,,4526393,Sedan,Station Wagon/Sport Utility Vehicle,Station Wagon/Sport Utility Vehicle,,
05/08/2022,12:30,QUEENS,11428,40.71547,-73.747925,"(40.71547, -73.747925)",,,211-47    JAMAICA AVENUE,0,0,0,0,0,0,0,0,Driver Inattention/Distraction,Unspecified,Unspecified,Unspecified,,4525825,Sedan,Station Wagon/Sport Utility Vehicle,Station Wagon/Sport Utility Vehicle,Station Wagon/Sport Utility Vehicle,
05/08/2022,0:17,QUEENS,11422,40.66343,-73.74079,"(40.66343, -73.74079)",BROOKVILLE BOULEVARD,143 AVENUE,,0,0,0,0,0,0,0,0,Unspecified,Unspecified,,,,4525752,Sedan,Station Wagon/Sport Utility Vehicle,,,
05/08/2022,13:31,BROOKLYN,11217,40.686085,-73.982666,"(40.686085, -73.982666)",ATLANTIC AVENUE,NEVINS STREET,,0,0,0,0,0,0,0,0,Brakes Defective,Unspecified,,,,4525814,Station Wagon/Sport Utility Vehicle,Sedan,,,
05/08/2022,3:25,QUEENS,11411,40.685383,-73.73309,"(40.685383, -73.73309)",121 AVENUE,232 STREET,,1,0,0,0,0,0,1,0,Alcohol Involvement,Unspecified,,,,4525755,Sedan,Station Wagon/Sport Utility Vehicle,,,
05/08/2022,2:35,,,40.608875,-74.14099,"(40.608875, -74.14099)",,,599       WOOLLEY AVENUE,0,0,0,0,0,0,0,0,Driver Inattention/Distraction,Unspecified,,,,4525697,Station Wagon/Sport Utility Vehicle,Sedan,,,
05/08/2022,15:50,BROOKLYN,11223,40.598236,-73.96191,"(40.598236, -73.96191)",,,911       AVENUE U,0,0,0,0,0,0,0,0,Following Too Closely,Other Vehicular,,,,4526032,Bus,Station Wagon/Sport Utility Vehicle,,,
05/08/2022,4:05,BRONX,10458,0,0,"(0.0, 0.0)",VALENTINE AVENUE,EAST 183 STREET,,5,0,0,0,0,0,5,0,Driver Inattention/Distraction,Driver Inattention/Distraction,Other Vehicular,Other Vehicular,,4526097,Sedan,Sedan,Taxi,Sedan,
05/08/2022,4:30,QUEENS,11370,40.757877,-73.8839,"(40.757877, -73.8839)",84 STREET,32 AVENUE,,0,0,0,0,0,0,0,0,Unspecified,,,,,4526410,Taxi,,,,
05/08/2022,2:34,BROOKLYN,11215,0,0,"(0.0, 0.0)",CARROLL STREET,8 AVENUE,,0,0,0,0,0,0,0,0,Cell Phone (hand-Held),Unspecified,Unspecified,,,4525732,Sedan,Sedan,Sedan,,
05/08/2022,16:00,QUEENS,11358,40.756397,-73.804535,"(40.756397, -73.804535)",162 STREET,45 AVENUE,,0,0,0,0,0,0,0,0,Other Vehicular,Unspecified,,,,4525844,Station Wagon/Sport Utility Vehicle,,,,
05/08/2022,15:00,,,0,0,"(0.0, 0.0)",LORING PLACE NORTH,,,0,0,0,0,0,0,0,0,Aggressive Driving/Road Rage,Unspecified,,,,4525985,Station Wagon/Sport Utility Vehicle,Station Wagon/Sport Utility Vehicle,,,
05/08/2022,6:22,QUEENS,11361,40.76479,-73.772606,"(40.76479, -73.772606)",,,39-30     213 STREET,0,0,0,0,0,0,0,0,Unspecified,,,,,4526269,Sedan,,,,
05/08/2022,0:44,BROOKLYN,11225,40.666218,-73.95364,"(40.666218, -73.95364)",,,294       ROGERS AVENUE,2,0,0,0,0,0,2,0,Driver Inattention/Distraction,Unspecified,,,,4525881,Sedan,Sedan,,,
05/08/2022,12:00,QUEENS,11423,40.713497,-73.758255,"(40.713497, -73.758255)",201 STREET,JAMAICA AVENUE,,1,0,0,0,0,0,1,0,Driver Inattention/Distraction,Unspecified,,,,4525932,Sedan,Station Wagon/Sport Utility Vehicle,,,
05/08/2022,8:40,BROOKLYN,11201,40.687607,-73.99174,"(40.687607, -73.99174)",,,129       BOERUM PLACE,0,0,0,0,0,0,0,0,Passing Too Closely,Unspecified,,,,4525785,Station Wagon/Sport Utility Vehicle,Station Wagon/Sport Utility Vehicle,,,
05/08/2022,5:25,BROOKLYN,11212,40.66578,-73.91942,"(40.66578, -73.91942)",HOWARD AVENUE,SUTTER AVENUE,,2,0,0,0,0,0,2,0,Unsafe Lane Changing,Unspecified,Unspecified,,,4526355,Sedan,Pick-up Truck,Sedan,,
05/08/2022,21:00,MANHATTAN,10001,40.75702,-74.00494,"(40.75702, -74.00494)",WEST 34 STREET,12 AVENUE,,0,0,0,0,0,0,0,0,View Obstructed/Limited,Passing Too Closely,,,,4526432,Station Wagon/Sport Utility Vehicle,,,,
05/08/2022,21:20,BROOKLYN,11208,0,0,"(0.0, 0.0)",EUCLID AVENUE,BLAKE AVENUE,,1,0,1,0,0,0,0,0,Unspecified,,,,,4526018,Station Wagon/Sport Utility Vehicle,,,,
05/08/2022,23:11,QUEENS,11418,40.69931,-73.83157,"(40.69931, -73.83157)",,,87-34     118 STREET,0,0,0,0,0,0,0,0,Unspecified,Unspecified,,,,4526089,Ambulance,,,,
05/08/2022,13:00,BRONX,10468,40.870876,-73.8936,"(40.870876, -73.8936)",,,2816      JEROME AVENUE,0,0,0,0,0,0,0,0,Reaction to Uninvolved Vehicle,Reaction to Uninvolved Vehicle,,,,4525943,Sedan,Pick-up Truck,,,
05/08/2022,12:50,BROOKLYN,11236,40.641727,-73.907646,"(40.641727, -73.907646)",REMSEN AVENUE,GLENWOOD ROAD,,0,0,0,0,0,0,0,0,Unspecified,Unspecified,,,,4526226,Sedan,Sedan,,,
05/08/2022,15:08,,,40.745903,-73.76703,"(40.745903, -73.76703)",LONG ISLAND EXPRESSWAY,,,0,0,0,0,0,0,0,0,Failure to Yield Right-of-Way,Unspecified,,,,4525887,Station Wagon/Sport Utility Vehicle,Tractor Truck Diesel,,,
05/08/2022,10:49,BROOKLYN,11203,40.6546,-73.92584,"(40.6546, -73.92584)",,,147       EAST 55 STREET,0,0,0,0,0,0,0,0,Unspecified,Unspecified,,,,4526460,Sedan,Box Truck,,,
05/08/2022,18:20,MANHATTAN,10035,40.80142,-73.93446,"(40.80142, -73.93446)",2 AVENUE,EAST 123 STREET,,0,0,0,0,0,0,0,0,Unspecified,Unspecified,,,,4526135,Taxi,Sedan,,,
05/08/2022,20:22,,,40.85447,-73.91008,"(40.85447, -73.91008)",WEST BURNSIDE AVENUE,,,0,0,0,0,0,0,0,0,Reaction to Uninvolved Vehicle,Unspecified,Unspecified,Unspecified,,4525970,Sedan,Station Wagon/Sport Utility Vehicle,Station Wagon/Sport Utility Vehicle,Station Wagon/Sport Utility Vehicle,
05/08/2022,18:40,,,,,,BELT PARKWAY RAMP,,,0,0,0,0,0,0,0,0,Driver Inattention/Distraction,Unspecified,Unspecified,Unspecified,,4526136,Station Wagon/Sport Utility Vehicle,Sedan,Station Wagon/Sport Utility Vehicle,Pick-up Truck,
05/08/2022,19:00,BRONX,10460,40.844105,-73.886154,"(40.844105, -73.886154)",EAST 178 STREET,MARMION AVENUE,,1,0,0,0,0,0,1,0,Driver Inattention/Distraction,Driver Inattention/Distraction,,,,4526072,Taxi,Station Wagon/Sport Utility Vehicle,,,
05/08/2022,4:15,MANHATTAN,10002,40.723648,-73.99103,"(40.723648, -73.99103)",CHRYSTIE STREET,EAST HOUSTON STREET,,0,0,0,0,0,0,0,0,Passing or Lane Usage Improper,Unspecified,,,,4525606,Sedan,Sedan,,,
05/08/2022,13:00,,,40.8451,-73.91878,"(40.8451, -73.91878)",CROSS BRONX EXPY,,,0,0,0,0,0,0,0,0,Driver Inattention/Distraction,Unspecified,,,,4526553,Sedan,Sedan,,,
05/08/2022,20:35,BROOKLYN,11206,0,0,"(0.0, 0.0)",LEONARD STREET,TEN EYCK STREET,,0,0,0,0,0,0,0,0,Alcohol Involvement,Unspecified,,,,4525917,Sedan,Motorcycle,,,
05/08/2022,18:39,QUEENS,11420,40.68665,-73.80918,"(40.68665, -73.80918)",109 AVENUE,135 STREET,,4,0,0,0,0,0,4,0,Traffic Control Disregarded,Unspecified,,,,4526635,Station Wagon/Sport Utility Vehicle,Sedan,,,
05/08/2022,13:20,QUEENS,11413,40.66531,-73.74327,"(40.66531, -73.74327)",,,232-24    SOUTH CONDUIT AVENUE,0,0,0,0,0,0,0,0,Following Too Closely,Unspecified,,,,4526481,Station Wagon/Sport Utility Vehicle,Station Wagon/Sport Utility Vehicle,,,
05/08/2022,4:51,,,40.708324,-73.84314,"(40.708324, -73.84314)",JACKIE ROBINSON PKWY,,,0,0,0,0,0,0,0,0,Following Too Closely,Unspecified,,,,4525631,Sedan,,,,
05/08/2022,12:45,QUEENS,11366,40.724518,-73.8006,"(40.724518, -73.8006)",77 ROAD,168 STREET,,0,0,0,0,0,0,0,0,Unspecified,,,,,4525886,Sedan,,,,
05/08/2022,3:42,BRONX,10472,40.830257,-73.88228,"(40.830257, -73.88228)",,,1252      BRONX RIVER AVENUE,0,0,0,0,0,0,0,0,Passing Too Closely,Unspecified,,,,4526080,Station Wagon/Sport Utility Vehicle,Station Wagon/Sport Utility Vehicle,,,
05/08/2022,7:35,,,40.85673,-73.90279,"(40.85673, -73.90279)",EAST 182 STREET,,,1,0,0,0,0,0,1,0,Backing Unsafely,Unspecified,,,,4525944,Sedan,Station Wagon/Sport Utility Vehicle,,,
05/08/2022,11:30,STATEN ISLAND,10301,0,0,"(0.0, 0.0)",,,896       CLOVE ROAD,2,0,0,0,0,0,2,0,Unspecified,,,,,4526459,Sedan,,,,
05/08/2022,0:00,BROOKLYN,11207,40.66475,-73.89405,"(40.66475, -73.89405)",LIVONIA AVENUE,PENNSYLVANIA AVENUE,,1,0,1,0,0,0,0,0,Unspecified,,,,,4526014,Station Wagon/Sport Utility Vehicle,,,,
05/08/2022,1:00,BROOKLYN,11230,40.611702,-73.97046,"(40.611702, -73.97046)",EAST 4 STREET,AVENUE O,,1,0,0,0,0,0,1,0,Unspecified,Unspecified,,,,4525776,Station Wagon/Sport Utility Vehicle,Sedan,,,
05/08/2022,14:04,,,40.73425,-73.86336,"(40.73425, -73.86336)",LONG ISLAND EXPRESSWAY,,,0,0,0,0,0,0,0,0,Driver Inattention/Distraction,Unspecified,,,,4525815,Station Wagon/Sport Utility Vehicle,Station Wagon/Sport Utility Vehicle,,,
05/08/2022,22:45,,,0,0,"(0.0, 0.0)",FOREST AVENUE,UNION AVENUE,,0,0,0,0,0,0,0,0,Driver Inattention/Distraction,Unspecified,,,,4525907,Sedan,,,,
05/08/2022,3:45,QUEENS,11372,40.748867,-73.87229,"(40.748867, -73.87229)",,,94-15     ROOSEVELT AVENUE,2,0,0,0,0,0,2,0,Driver Inattention/Distraction,Unspecified,,,,4526400,Sedan,Station Wagon/Sport Utility Vehicle,,,
05/08/2022,9:14,,,,,,BROOKLYN QUEENS EXPRESSWAY E/B,48 street,,0,0,0,0,0,0,0,0,Driver Inattention/Distraction,Unspecified,,,,4525738,Sedan,,,,
05/08/2022,22:45,BROOKLYN,11220,0,0,"(0.0, 0.0)",65 STREET,8 AVENUE,,2,0,0,0,0,0,2,0,Failure to Yield Right-of-Way,Unspecified,,,,4526155,Station Wagon/Sport Utility Vehicle,Sedan,,,
05/08/2022,1:35,,,,,,WILLIAMSBURG BRIDGE INNER ROADWA,,,3,0,0,0,0,0,3,0,Driver Inattention/Distraction,,,,,4525799,Station Wagon/Sport Utility Vehicle,,,,
05/08/2022,19:30,BRONX,10452,40.841496,-73.92486,"(40.841496, -73.92486)",OGDEN AVENUE,WEST 170 STREET,,0,0,0,0,0,0,0,0,Turning Improperly,Turning Improperly,,,,4525982,Sedan,Sedan,,,
05/08/2022,22:00,,,0,0,"(0.0, 0.0)",NOSTRAND AVENUE,,,1,0,0,0,0,0,1,0,Traffic Control Disregarded,Unspecified,,,,4526514,Motorcycle,Sedan,,,
05/08/2022,1:00,QUEENS,11412,0,0,"(0.0, 0.0)",203 STREET,113 AVENUE,,0,0,0,0,0,0,0,0,Following Too Closely,Unspecified,,,,4526411,Station Wagon/Sport Utility Vehicle,,,,
05/08/2022,8:06,,,,,,THROGS NECK BRIDGE,,,0,0,0,0,0,0,0,0,Other Vehicular,,,,,4525893,Sedan,,,,
05/08/2022,11:09,QUEENS,11691,40.59955,-73.76129,"(40.59955, -73.76129)",BROOKHAVEN AVENUE,BEACH 25 STREET,,0,0,0,0,0,0,0,0,View Obstructed/Limited,Unspecified,,,,4526002,Sedan,Sedan,,,
05/08/2022,11:08,STATEN ISLAND,10306,0,0,"(0.0, 0.0)",BUFFALO STREET,EMMET AVENUE,,0,0,0,0,0,0,0,0,Driver Inattention/Distraction,Unspecified,,,,4525865,Pick-up Truck,Sedan,,,
05/08/2022,22:40,QUEENS,11357,40.791416,-73.829285,"(40.791416, -73.829285)",7 AVENUE,141 STREET,,0,0,0,0,0,0,0,0,Unsafe Speed,Unspecified,,,,4526363,Station Wagon/Sport Utility Vehicle,Station Wagon/Sport Utility Vehicle,,,
05/08/2022,19:38,MANHATTAN,10010,40.73841,-73.982185,"(40.73841, -73.982185)",,,240       EAST 23 STREET,2,0,0,0,0,0,2,0,Unspecified,Unspecified,,,,4526190,Station Wagon/Sport Utility Vehicle,Sedan,,,
05/08/2022,12:20,BROOKLYN,11223,40.593292,-73.976685,"(40.593292, -73.976685)",,,102       WOLF PLACE,0,0,0,0,0,0,0,0,Unspecified,,,,,4526030,Station Wagon/Sport Utility Vehicle,,,,
05/08/2022,18:56,BRONX,10473,0,0,"(0.0, 0.0)",STORY AVENUE,BOLTON AVENUE,,0,0,0,0,0,0,0,0,Driver Inattention/Distraction,Unspecified,,,,4526096,Sedan,E-Bike,,,
05/08/2022,13:45,QUEENS,11420,40.666573,-73.82016,"(40.666573, -73.82016)",121 STREET,150 AVENUE,,0,0,0,0,0,0,0,0,Failure to Yield Right-of-Way,Unspecified,,,,4525926,Sedan,Sedan,,,
05/08/2022,17:15,MANHATTAN,10011,40.742874,-73.99857,"(40.742874, -73.99857)",,,246       WEST 20 STREET,0,0,0,0,0,0,0,0,Backing Unsafely,Unspecified,,,,4526435,Sedan,Sedan,,,
05/08/2022,19:30,BROOKLYN,11230,40.619396,-73.969574,"(40.619396, -73.969574)",OCEAN PARKWAY,AVENUE L,,0,0,0,0,0,0,0,0,Unspecified,Unspecified,,,,4525991,Station Wagon/Sport Utility Vehicle,Sedan,,,
05/08/2022,3:29,MANHATTAN,10001,0,0,"(0.0, 0.0)",,,490       8 AVENUE,0,0,0,0,0,0,0,0,Backing Unsafely,Unspecified,,,,4525689,Sedan,Station Wagon/Sport Utility Vehicle,,,
05/08/2022,11:58,,,40.81423,-73.93444,"(40.81423, -73.93444)",HARLEM RIVER DRIVE,,,0,0,0,0,0,0,0,0,Following Too Closely,Unspecified,,,,4526132,Station Wagon/Sport Utility Vehicle,,,,
05/08/2022,16:25,,,40.701134,-73.81716,"(40.701134, -73.81716)",135 STREET,,,0,0,0,0,0,0,0,0,Passing Too Closely,Unspecified,,,,4525824,Sedan,Station Wagon/Sport Utility Vehicle,,,
05/08/2022,17:25,,,40.654984,-74.00711,"(40.654984, -74.00711)",GOWANUS EXPY (BQE),,,2,0,0,0,0,0,2,0,Unsafe Speed,,,,,4526149,Moped,,,,
05/08/2022,20:30,QUEENS,11414,40.664253,-73.83916,"(40.664253, -73.83916)",156 AVENUE,95 STREET,,0,0,0,0,0,0,0,0,Failure to Yield Right-of-Way,Failure to Yield Right-of-Way,,,,4525916,Station Wagon/Sport Utility Vehicle,Sedan,,,
05/08/2022,2:50,MANHATTAN,10010,40.738373,-73.982086,"(40.738373, -73.982086)",,,246       EAST 23 STREET,0,0,0,0,0,0,0,0,Driver Inattention/Distraction,Unspecified,,,,4526128,Station Wagon/Sport Utility Vehicle,Sedan,,,
05/08/2022,15:00,BROOKLYN,11207,40.659256,-73.89888,"(40.659256, -73.89888)",,,180       NEW LOTS AVENUE,0,0,0,0,0,0,0,0,Unspecified,Unspecified,,,,4526017,Station Wagon/Sport Utility Vehicle,,,,
05/08/2022,0:05,,,40.66323,-73.93161,"(40.66323, -73.93161)",EAST NEW YORK AVENUE,UTICA AVENUE,,0,0,0,0,0,0,0,0,Driver Inattention/Distraction,Unspecified,,,,4525610,Sedan,Sedan,,,
05/08/2022,8:40,BROOKLYN,11236,40.652786,-73.91997,"(40.652786, -73.91997)",REMSEN AVENUE,CHURCH AVENUE,,1,0,0,0,0,0,1,0,Unspecified,Unspecified,,,,4525796,Sedan,Sedan,,,
05/08/2022,2:34,,,,,,WILLIAMSBURG BRIDGE INNER ROADWA,,,0,0,0,0,0,0,0,0,Tire Failure/Inadequate,Unspecified,Unspecified,,,4525800,Sedan,Sedan,Station Wagon/Sport Utility Vehicle,,
05/08/2022,16:44,BROOKLYN,11236,40.636024,-73.89506,"(40.636024, -73.89506)",EAST 95 STREET,AVENUE M,,0,0,0,0,0,0,0,0,Following Too Closely,Unspecified,,,,4526230,Sedan,Sedan,,,
05/08/2022,15:50,BROOKLYN,11210,40.62551,-73.94277,"(40.62551, -73.94277)",,,1241      EAST 34 STREET,0,0,0,0,0,0,0,0,Backing Unsafely,Unspecified,,,,4525837,Sedan,Station Wagon/Sport Utility Vehicle,,,
05/08/2022,19:40,BROOKLYN,11236,40.64574,-73.902985,"(40.64574, -73.902985)",,,1397      ROCKAWAY PARKWAY,2,0,0,0,0,0,2,0,Unspecified,,,,,4525890,Sedan,,,,
05/08/2022,3:55,,,40.85713,-73.8808,"(40.85713, -73.8808)",SOUTHERN BOULEVARD,,,0,0,0,0,0,0,0,0,Alcohol Involvement,,,,,4525717,Sedan,,,,
05/08/2022,17:00,BROOKLYN,11236,40.638596,-73.9193,"(40.638596, -73.9193)",RALPH AVENUE,EAST 78 STREET,,0,0,0,0,0,0,0,0,Passing or Lane Usage Improper,Unspecified,,,,4526231,Sedan,Sedan,,,
05/08/2022,2:20,BROOKLYN,11216,0,0,"(0.0, 0.0)",FULTON STREET,NOSTRAND AVENUE,,0,0,0,0,0,0,0,0,Driver Inattention/Distraction,Unspecified,,,,4526375,Taxi,Sedan,,,
05/08/2022,11:16,,,0,0,"(0.0, 0.0)",WALKER STREET,MORNINGSTAR ROAD,,0,0,0,0,0,0,0,0,Failure to Yield Right-of-Way,Unspecified,,,,4525743,Station Wagon/Sport Utility Vehicle,Station Wagon/Sport Utility Vehicle,,,
05/08/2022,10:40,,,40.708294,-73.7385,"(40.708294, -73.7385)",SPRINGFIELD BOULEVARD,110 AVENUE,,2,0,0,0,0,0,2,0,Traffic Control Disregarded,Traffic Control Disregarded,,,,4525833,Station Wagon/Sport Utility Vehicle,Sedan,,,
05/08/2022,15:37,BROOKLYN,11224,40.57557,-73.981224,"(40.57557, -73.981224)",SURF AVENUE,STILLWELL AVENUE,,0,0,0,0,0,0,0,0,Passenger Distraction,Unspecified,,,,4526598,Sedan,,,,
05/08/2022,16:00,BRONX,10466,40.886925,-73.85253,"(40.886925, -73.85253)",,,948       EAST 227 STREET,0,0,0,0,0,0,0,0,Passing Too Closely,Unspecified,,,,4526624,Sedan,Sedan,,,
05/08/2022,6:50,,,,,,168 STREET,GRAND CENTRAL PARKWAY,,1,0,0,0,0,0,1,0,Driver Inattention/Distraction,Unspecified,,,,4525885,Station Wagon/Sport Utility Vehicle,Sedan,,,
05/08/2022,18:36,BRONX,10460,40.850044,-73.88448,"(40.850044, -73.88448)",GARDEN STREET,PROSPECT AVENUE,,1,0,0,0,0,0,1,0,Driver Inattention/Distraction,Unspecified,,,,4526081,Sedan,Moped,,,
05/08/2022,14:40,,,40.679565,-73.93436,"(40.679565, -73.93436)",FULTON STREET,,,0,0,0,0,0,0,0,0,Failure to Yield Right-of-Way,Unspecified,,,,4525772,Station Wagon/Sport Utility Vehicle,Sedan,,,
05/08/2022,1:35,QUEENS,11420,0,0,"(0.0, 0.0)",,,121-41    133 STREET,0,0,0,0,0,0,0,0,Failure to Yield Right-of-Way,Unspecified,Unspecified,Unspecified,Unspecified,4525910,Station Wagon/Sport Utility Vehicle,Sedan,Sedan,Sedan,Station Wagon/Sport Utility Vehicle
05/08/2022,2:36,QUEENS,11377,40.752403,-73.89759,"(40.752403, -73.89759)",BROOKLYN QUEENS EXPRESSWAY,34 AVENUE,,0,0,0,0,0,0,0,0,Unspecified,,,,,4525684,Sedan,,,,
05/08/2022,2:14,STATEN ISLAND,10301,40.602135,-74.114876,"(40.602135, -74.114876)",TODT HILL ROAD,OCEAN TERRACE,,0,0,0,0,0,0,0,0,Driver Inattention/Distraction,,,,,4525866,Sedan,,,,
05/08/2022,1:18,,,40.835484,-73.9494,"(40.835484, -73.9494)",HENRY HUDSON PARKWAY,,,0,0,0,0,0,0,0,0,Other Vehicular,Following Too Closely,,,,4526214,Station Wagon/Sport Utility Vehicle,Sedan,,,
05/08/2022,16:05,QUEENS,11368,40.744232,-73.861305,"(40.744232, -73.861305)",,,102-14    CORONA AVENUE,0,0,0,0,0,0,0,0,Driver Inattention/Distraction,Unspecified,,,,4525855,Station Wagon/Sport Utility Vehicle,Station Wagon/Sport Utility Vehicle,,,
05/08/2022,17:38,,,40.740017,-73.84565,"(40.740017, -73.84565)",GRAND CENTRAL PKWY,,,0,0,0,0,0,0,0,0,Following Too Closely,Following Too Closely,Unspecified,,,4525949,Sedan,Sedan,Sedan,,
05/08/2022,12:29,BROOKLYN,11216,0,0,"(0.0, 0.0)",HANCOCK STREET,BEDFORD AVENUE,,0,0,0,0,0,0,0,0,Passing or Lane Usage Improper,Unspecified,,,,4526395,Sedan,UNKNOWN,,,
05/08/2022,0:00,BRONX,10457,40.846497,-73.894196,"(40.846497, -73.894196)",,,575       EAST TREMONT AVENUE,2,0,0,0,0,0,2,0,Following Too Closely,Unspecified,,,,4526046,Taxi,Sedan,,,
05/08/2022,23:50,QUEENS,11368,40.746906,-73.86371,"(40.746906, -73.86371)",43 AVENUE,NATIONAL STREET,,0,0,0,0,0,0,0,0,Driver Inattention/Distraction,Driver Inattention/Distraction,,,,4525937,Station Wagon/Sport Utility Vehicle,Station Wagon/Sport Utility Vehicle,,,
05/08/2022,14:02,QUEENS,11435,40.68997,-73.7982,"(40.68997, -73.7982)",,,147-40    GLASSBORO AVENUE,1,0,0,0,0,0,1,0,Fell Asleep,Unspecified,,,,4525922,Sedan,Station Wagon/Sport Utility Vehicle,,,
05/08/2022,0:14,BROOKLYN,11229,40.59861,-73.938644,"(40.59861, -73.938644)",AVENUE V,BATCHELDER STREET,,0,0,0,0,0,0,0,0,Alcohol Involvement,Unspecified,Unspecified,Unspecified,,4525649,Station Wagon/Sport Utility Vehicle,Sedan,Sedan,Sedan,
05/08/2022,14:13,BROOKLYN,11236,40.64013,-73.89029,"(40.64013, -73.89029)",,,1268      EAST 102 STREET,0,0,0,0,0,0,0,0,Unspecified,,,,,4525819,Station Wagon/Sport Utility Vehicle,,,,
05/08/2022,9:00,BROOKLYN,11207,40.667553,-73.89671,"(40.667553, -73.89671)",GEORGIA AVENUE,BLAKE AVENUE,,0,0,0,0,0,0,0,0,Passing or Lane Usage Improper,Unspecified,,,,4526003,Sedan,,,,
05/08/2022,16:26,BROOKLYN,11207,40.661835,-73.893105,"(40.661835, -73.893105)",PENNSYLVANIA AVENUE,NEW LOTS AVENUE,,0,0,0,0,0,0,0,0,Unspecified,Unspecified,Unspecified,Unspecified,,4526015,Station Wagon/Sport Utility Vehicle,Sedan,Station Wagon/Sport Utility Vehicle,Sedan,
05/08/2022,13:10,BRONX,10467,40.881912,-73.879974,"(40.881912, -73.879974)",,,65        EAST GUN HILL ROAD,0,0,0,0,0,0,0,0,Driver Inattention/Distraction,Unspecified,,,,4526174,Sedan,,,,
05/08/2022,13:20,,,40.84364,-73.930534,"(40.84364, -73.930534)",HARLEM RIVER DRIVE,,,0,0,0,0,0,0,0,0,Passing or Lane Usage Improper,Unspecified,,,,4526438,Sedan,,,,
05/08/2022,3:30,QUEENS,11428,40.718727,-73.748726,"(40.718727, -73.748726)",,,211-66    93 AVENUE,0,0,0,0,0,0,0,0,Unsafe Speed,Other Vehicular,,,,4525974,Sedan,Sedan,,,
05/08/2022,21:00,,,40.755524,-73.833405,"(40.755524, -73.833405)",41 ROAD,,,0,0,0,0,0,0,0,0,Unsafe Lane Changing,Unspecified,,,,4525894,Station Wagon/Sport Utility Vehicle,,,,
05/08/2022,14:44,MANHATTAN,10019,40.767906,-73.98362,"(40.767906, -73.98362)",,,340       WEST 58 STREET,0,0,0,0,0,0,0,0,Unspecified,,,,,4526334,Station Wagon/Sport Utility Vehicle,,,,
05/08/2022,3:45,MANHATTAN,10027,40.812725,-73.94931,"(40.812725, -73.94931)",WEST 129 STREET,8 AVENUE,,3,0,0,0,0,0,3,0,Driver Inattention/Distraction,Driver Inattention/Distraction,,,,4526025,Sedan,Sedan,,,
05/08/2022,14:50,,,40.812737,-73.93762,"(40.812737, -73.93762)",,,EAST 135 STREET,0,0,0,0,0,0,0,0,Driver Inattention/Distraction,Unspecified,,,,4526133,Sedan,Sedan,,,
05/08/2022,17:00,STATEN ISLAND,10301,40.643154,-74.09958,"(40.643154, -74.09958)",TYSEN STREET,FILLMORE STREET,,0,0,0,0,0,0,0,0,Driver Inattention/Distraction,Unspecified,,,,4526463,Station Wagon/Sport Utility Vehicle,Sedan,,,
05/08/2022,18:23,MANHATTAN,10029,40.792873,-73.94373,"(40.792873, -73.94373)",EAST 108 STREET,3 AVENUE,,0,0,0,0,0,0,0,0,Unsafe Speed,Unspecified,,,,4526150,Station Wagon/Sport Utility Vehicle,,,,
05/08/2022,19:10,STATEN ISLAND,10301,40.633816,-74.09699,"(40.633816, -74.09699)",,,422       CASTLETON AVENUE,0,0,0,0,0,0,0,0,Driver Inattention/Distraction,Driver Inattention/Distraction,,,,4526466,Station Wagon/Sport Utility Vehicle,,,,
05/08/2022,3:45,BROOKLYN,11234,40.63413,-73.928505,"(40.63413, -73.928505)",UTICA AVENUE,KINGS HIGHWAY,,4,0,0,0,0,0,4,0,Driver Inattention/Distraction,Unspecified,Unspecified,,,4525619,Station Wagon/Sport Utility Vehicle,Sedan,Station Wagon/Sport Utility Vehicle,,
05/08/2022,14:20,STATEN ISLAND,10301,40.636723,-74.08491,"(40.636723, -74.08491)",CASTLETON AVENUE,BROOK STREET,,0,0,0,0,0,0,0,0,Driver Inattention/Distraction,Unspecified,,,,4526495,Station Wagon/Sport Utility Vehicle,,,,
05/08/2022,6:15,BRONX,10451,40.81738,-73.9257,"(40.81738, -73.9257)",,,2824      PARK AVENUE,0,0,0,0,0,0,0,0,Backing Unsafely,Unspecified,,,,4525936,Ambulance,Pick-up Truck,,,
05/08/2022,10:35,,,40.70996,-73.989334,"(40.70996, -73.989334)",FDR DRIVE,,,0,0,0,0,0,0,0,0,Unspecified,Unspecified,,,,4525801,Station Wagon/Sport Utility Vehicle,Sedan,,,
05/08/2022,4:00,,,40.659832,-73.897606,"(40.659832, -73.897606)",NEW LOTS AVENUE,,,0,0,0,0,0,0,0,0,Driver Inattention/Distraction,Unspecified,,,,4526521,Station Wagon/Sport Utility Vehicle,Sedan,,,
05/08/2022,22:58,,,,,,LONG ISLAND EXPRESSWAY,,,2,0,0,0,0,0,2,0,Driver Inattention/Distraction,Driver Inattention/Distraction,,,,4526037,Station Wagon/Sport Utility Vehicle,Station Wagon/Sport Utility Vehicle,,,
05/08/2022,21:09,BRONX,10472,40.83104,-73.861855,"(40.83104, -73.861855)",,,1210      WHITE PLAINS ROAD,0,0,0,0,0,0,0,0,Driver Inattention/Distraction,Unspecified,,,,4526095,Station Wagon/Sport Utility Vehicle,Sedan,,,
05/08/2022,0:20,,,,,,HENRY HUDSON PARKWAY RAMP,,,0,0,0,0,0,0,0,0,Passing or Lane Usage Improper,Unspecified,,,,4526219,Station Wagon/Sport Utility Vehicle,Station Wagon/Sport Utility Vehicle,,,
05/08/2022,17:20,BRONX,10464,0,0,"(0.0, 0.0)",,,180       KILROE STREET,0,0,0,0,0,0,0,0,Unspecified,Unspecified,,,,4525889,Station Wagon/Sport Utility Vehicle,Station Wagon/Sport Utility Vehicle,,,
05/08/2022,4:50,,,40.86231,-73.909874,"(40.86231, -73.909874)",WEST FORDHAM ROAD,,,0,0,0,0,0,0,0,0,Driver Inattention/Distraction,Unspecified,,,,4525719,Station Wagon/Sport Utility Vehicle,Station Wagon/Sport Utility Vehicle,,,
05/08/2022,18:35,BRONX,10455,40.815754,-73.89529,"(40.815754, -73.89529)",LONGWOOD AVENUE,BRUCKNER BOULEVARD,,0,0,0,0,0,0,0,0,Turning Improperly,Unspecified,,,,4526235,Sedan,Sedan,,,
05/08/2022,15:10,BROOKLYN,11219,40.63665,-73.993324,"(40.63665, -73.993324)",,,1206      48 STREET,0,0,0,0,0,0,0,0,Driver Inattention/Distraction,Unspecified,,,,4525989,Sedan,Sedan,,,
05/08/2022,0:00,,,0,0,"(0.0, 0.0)",CANAL STREET,HUDSON STREET,,0,0,0,0,0,0,0,0,Driver Inattention/Distraction,Unspecified,,,,4525900,Sedan,Sedan,,,
05/08/2022,10:30,QUEENS,11434,40.672382,-73.78574,"(40.672382, -73.78574)",BAISLEY BOULEVARD,ROCKAWAY BOULEVARD,,1,0,0,0,0,0,1,0,Steering Failure,Unspecified,,,,4526414,Station Wagon/Sport Utility Vehicle,trailer,,,
05/08/2022,2:14,BROOKLYN,11212,0,0,"(0.0, 0.0)",SUTTER AVENUE,GRAFTON STREET,,0,0,0,0,0,0,0,0,Unspecified,Unspecified,Unspecified,Unspecified,Unspecified,4526388,Station Wagon/Sport Utility Vehicle,Station Wagon/Sport Utility Vehicle,Station Wagon/Sport Utility Vehicle,Sedan,Sedan
05/08/2022,0:34,QUEENS,11375,40.733727,-73.84701,"(40.733727, -73.84701)",,,110-19    64 AVENUE,0,0,0,0,0,0,0,0,Driver Inattention/Distraction,Unspecified,,,,4525702,Sedan,Sedan,,,
05/08/2022,21:15,,,40.701942,-73.95573,"(40.701942, -73.95573)",LEE AVENUE,,,0,0,0,0,0,0,0,0,Driver Inattention/Distraction,Following Too Closely,Unspecified,,,4526111,Sedan,Sedan,Sedan,,
05/08/2022,12:25,BROOKLYN,11222,40.72377,-73.9508,"(40.72377, -73.9508)",MANHATTAN AVENUE,NASSAU AVENUE,,0,0,0,0,0,0,0,0,Aggressive Driving/Road Rage,Unspecified,,,,4525792,Station Wagon/Sport Utility Vehicle,Bike,,,
05/08/2022,14:30,BROOKLYN,11211,40.707542,-73.95057,"(40.707542, -73.95057)",,,239       UNION AVENUE,0,0,0,0,0,0,0,0,Backing Unsafely,,,,,4526329,Sedan,,,,
05/08/2022,3:30,,,,,,THOMSON AVENUE,Ed koch queensboro bridge,,1,0,0,0,0,0,1,0,Unspecified,Unspecified,,,,4525682,Sedan,Station Wagon/Sport Utility Vehicle,,,
05/08/2022,16:30,,,40.806614,-73.90769,"(40.806614, -73.90769)",BRUCKNER BOULEVARD,SOUTHERN BOULEVARD,,0,0,0,0,0,0,0,0,Traffic Control Disregarded,Unspecified,,,,4525912,Station Wagon/Sport Utility Vehicle,Sedan,,,
05/08/2022,6:01,BRONX,10469,40.874702,-73.85803,"(40.874702, -73.85803)",EAST GUN HILL ROAD,PAULDING AVENUE,,1,0,0,0,0,0,1,0,Following Too Closely,Unspecified,,,,4526205,Sedan,Sedan,,,
05/08/2022,4:30,QUEENS,11413,40.663998,-73.746445,"(40.663998, -73.746445)",,,230-69    LANSING AVENUE,0,0,0,0,0,0,0,0,Unsafe Speed,Unspecified,Unspecified,Unspecified,,4525830,Sedan,Station Wagon/Sport Utility Vehicle,Station Wagon/Sport Utility Vehicle,Sedan,
05/08/2022,23:10,STATEN ISLAND,10301,40.648277,-74.08469,"(40.648277, -74.08469)",,,350       RICHMOND TERRACE,0,0,0,0,0,0,0,0,Driver Inattention/Distraction,,,,,4526510,Sedan,,,,
05/08/2022,22:00,QUEENS,11372,0,0,"(0.0, 0.0)",74 STREET,37 AVENUE,,0,0,0,0,0,0,0,0,Driver Inattention/Distraction,Driver Inattention/Distraction,,,,4526477,Sedan,Station Wagon/Sport Utility Vehicle,,,
05/08/2022,3:11,,,0,0,"(0.0, 0.0)",PENNSYLVANIA AVENUE,,,0,0,0,0,0,0,0,0,Following Too Closely,Unspecified,,,,4526009,Station Wagon/Sport Utility Vehicle,Sedan,,,
05/08/2022,10:30,,,0,0,"(0.0, 0.0)",EAST KINGSBRIDGE ROAD,,,0,0,0,0,0,0,0,0,Backing Unsafely,Unspecified,,,,4525955,Station Wagon/Sport Utility Vehicle,Station Wagon/Sport Utility Vehicle,,,
05/08/2022,2:00,BROOKLYN,11207,40.657066,-73.8895,"(40.657066, -73.8895)",,,850       PENNSYLVANIA AVENUE,1,0,1,0,0,0,0,0,Driver Inattention/Distraction,,,,,4526016,Station Wagon/Sport Utility Vehicle,,,,
05/08/2022,15:00,QUEENS,11693,40.585285,-73.81805,"(40.585285, -73.81805)",,,183       BEACH 96 STREET,0,0,0,0,0,0,0,0,Backing Unsafely,Unspecified,,,,4525821,Station Wagon/Sport Utility Vehicle,Sedan,,,
05/08/2022,12:00,BROOKLYN,11201,40.68872,-73.99433,"(40.68872, -73.99433)",,,166       AMITY STREET,0,0,0,0,0,0,0,0,Unspecified,Unspecified,,,,4525756,Sedan,,,,
05/08/2022,10:32,BRONX,10451,40.827812,-73.925934,"(40.827812, -73.925934)",EAST 161 STREET,RIVER AVENUE,,1,0,1,0,0,0,0,0,Unspecified,,,,,4526531,Sedan,,,,
05/08/2022,12:53,BROOKLYN,11212,40.67011,-73.912796,"(40.67011, -73.912796)",,,54        BRISTOL STREET,0,0,0,0,0,0,0,0,Unspecified,,,,,4526394,Station Wagon/Sport Utility Vehicle,,,,
05/08/2022,18:00,BRONX,10467,40.87856,-73.865776,"(40.87856, -73.865776)",EAST 212 STREET,WHITE PLAINS ROAD,,1,0,1,0,0,0,0,0,Traffic Control Disregarded,,,,,4525869,Sedan,,,,
05/08/2022,4:40,,,40.674778,-73.765625,"(40.674778, -73.765625)",BEDELL STREET,,,0,0,0,0,0,0,0,0,Pavement Slippery,Unspecified,Unspecified,,,4526054,Sedan,Station Wagon/Sport Utility Vehicle,Station Wagon/Sport Utility Vehicle,,
05/08/2022,12:59,,,0,0,"(0.0, 0.0)",EAST 199 STREET,,,0,0,0,0,0,0,0,0,Aggressive Driving/Road Rage,Unspecified,,,,4526172,Sedan,,,,
05/08/2022,8:00,,,,,,DOUGLASTON PARKWAY,HORACE HARDING EXPRESSWAY,,0,0,0,0,0,0,0,0,Unspecified,,,,,4525750,Sedan,,,,
05/08/2022,3:55,BROOKLYN,11226,40.644424,-73.9489,"(40.644424, -73.9489)",NOSTRAND AVENUE,CORTELYOU ROAD,,0,0,0,0,0,0,0,0,Driver Inattention/Distraction,Unspecified,Unspecified,Unspecified,Unspecified,4525676,Sedan,Sedan,Sedan,Sedan,Sedan
05/08/2022,4:30,QUEENS,11412,40.70524,-73.77508,"(40.70524, -73.77508)",LIBERTY AVENUE,DUNKIRK STREET,,6,0,0,0,0,0,6,0,Driver Inattention/Distraction,Driver Inattention/Distraction,,,,4525920,Bus,Sedan,,,
05/08/2022,4:02,BRONX,10466,40.881264,-73.83875,"(40.881264, -73.83875)",BAYCHESTER AVENUE,BOSTON ROAD,,0,0,0,0,0,0,0,0,Other Vehicular,Pavement Slippery,Other Vehicular,Unspecified,,4526623,Sedan,Station Wagon/Sport Utility Vehicle,Sedan,Sedan,
05/08/2022,12:15,QUEENS,11421,40.69133,-73.85054,"(40.69133, -73.85054)",,,93-08     89 AVENUE,0,0,0,0,0,0,0,0,Unspecified,,,,,4526086,Sedan,,,,
05/08/2022,18:05,BROOKLYN,11225,40.66536,-73.956985,"(40.66536, -73.956985)",,,1679      BEDFORD AVENUE,1,0,0,0,0,0,0,0,Failure to Yield Right-of-Way,Unspecified,,,,4525884,Sedan,E-Bike,,,
05/08/2022,18:21,QUEENS,11369,0,0,"(0.0, 0.0)",31 AVENUE,94 STREET,,0,0,0,0,0,0,0,0,Driver Inattention/Distraction,Unspecified,,,,4526428,Station Wagon/Sport Utility Vehicle,,,,
05/08/2022,0:00,,,40.747692,-73.89381,"(40.747692, -73.89381)",,,72 STREET,0,0,0,0,0,0,0,0,Alcohol Involvement,Unspecified,Unspecified,Unspecified,,4526562,Sedan,Station Wagon/Sport Utility Vehicle,Bus,Station Wagon/Sport Utility Vehicle,
05/08/2022,4:10,BRONX,10454,0,0,"(0.0, 0.0)",EAST 140 STREET,BRUCKNER BOULEVARD,,0,0,0,0,0,0,0,0,Failure to Yield Right-of-Way,Unspecified,,,,4525939,Taxi,Station Wagon/Sport Utility Vehicle,,,
05/08/2022,15:23,BROOKLYN,11214,40.59952,-73.99876,"(40.59952, -73.99876)",BATH AVENUE,BAY 28 STREET,,0,0,0,0,0,0,0,0,Driver Inattention/Distraction,Unspecified,,,,4526253,Sedan,Sedan,,,
05/08/2022,9:40,BROOKLYN,11201,40.696033,-73.984535,"(40.696033, -73.984535)",TILLARY STREET,FLATBUSH AVENUE EXTENSION,,0,0,0,0,0,0,0,0,Unsafe Speed,Unsafe Speed,,,,4525813,Sedan,Sedan,,,
05/08/2022,16:45,,,40.690426,-73.93355,"(40.690426, -73.93355)",STUYVESANT AVENUE,,,1,0,0,0,1,0,0,0,Pedestrian/Bicyclist/Other Pedestrian Error/Confusion,Unspecified,,,,4526544,Sedan,Bike,,,
05/08/2022,4:32,MANHATTAN,10032,40.844135,-73.93752,"(40.844135, -73.93752)",WEST 173 STREET,SAINT NICHOLAS AVENUE,,1,0,0,0,0,0,1,0,Unsafe Lane Changing,Driver Inattention/Distraction,,,,4526220,Sedan,Scooter,,,
05/08/2022,11:00,,,40.749283,-73.756645,"(40.749283, -73.756645)",LONG ISLAND EXPRESSWAY,,,0,0,0,0,0,0,0,0,Following Too Closely,Unspecified,Unspecified,,,4525791,Sedan,Station Wagon/Sport Utility Vehicle,Sedan,,
05/08/2022,16:40,,,,,,BORDEN AVENUE,VANDAM STREET,,0,0,0,0,0,0,0,0,Driver Inattention/Distraction,Unspecified,,,,4525859,Sedan,Sedan,,,
05/08/2022,10:30,QUEENS,11369,0,0,"(0.0, 0.0)",,,32-19     JUNCTION BOULEVARD,0,0,0,0,0,0,0,0,Driver Inattention/Distraction,Driver Inattention/Distraction,,,,4526398,Sedan,Sedan,,,
05/08/2022,11:15,BROOKLYN,11212,40.670258,-73.90682,"(40.670258, -73.90682)",,,1784      PITKIN AVENUE,0,0,0,0,0,0,0,0,Driver Inattention/Distraction,Unspecified,,,,4526389,Sedan,Sedan,,,
05/08/2022,3:05,BROOKLYN,11203,0,0,"(0.0, 0.0)",FOSTER AVENUE,SCHENECTADY AVENUE,,2,0,0,0,0,0,2,0,Driver Inattention/Distraction,Unspecified,,,,4525725,Sedan,Sedan,,,
05/08/2022,12:00,MANHATTAN,10001,40.74985,-73.99786,"(40.74985, -73.99786)",,,360       WEST 28 STREET,0,0,0,0,0,0,0,0,Passing Too Closely,Unspecified,,,,4526431,Station Wagon/Sport Utility Vehicle,,,,
05/08/2022,20:53,BRONX,10455,40.815403,-73.9161,"(40.815403, -73.9161)",,,444       EAST 149 STREET,1,0,0,0,0,0,1,0,Unspecified,Unspecified,,,,4526021,Ambulance,Moped,,,
05/08/2022,0:53,QUEENS,11101,0,0,"(0.0, 0.0)",,,35-25     STEINWAY STREET,0,0,0,0,0,0,0,0,Unspecified,,,,,4525621,Convertible,,,,
05/08/2022,3:19,BROOKLYN,11237,0,0,"(0.0, 0.0)",GARDNER AVENUE,RANDOLPH STREET,,0,0,0,0,0,0,0,0,Failure to Yield Right-of-Way,Unspecified,,,,4526106,Sedan,Sedan,,,
05/08/2022,20:11,BROOKLYN,11234,40.59651,-73.90788,"(40.59651, -73.90788)",FLATBUSH AVENUE,SHORE PARKWAY,,0,0,0,0,0,0,0,0,Alcohol Involvement,Other Vehicular,,,,4526152,Sedan,Station Wagon/Sport Utility Vehicle,,,
05/08/2022,10:30,,,40.66515,-73.82589,"(40.66515, -73.82589)",BELT PARKWAY,,,0,0,0,0,0,0,0,0,Unsafe Lane Changing,Unspecified,,,,4525935,Station Wagon/Sport Utility Vehicle,Sedan,,,
05/08/2022,17:20,,,40.769318,-73.8666,"(40.769318, -73.8666)",GRAND CENTRAL PKWY,,,0,0,0,0,0,0,0,0,Driver Inattention/Distraction,Unspecified,,,,4526407,Station Wagon/Sport Utility Vehicle,Sedan,,,
05/08/2022,9:30,BRONX,10452,40.836304,-73.92518,"(40.836304, -73.92518)",WEST 167 STREET,WOODYCREST AVENUE,,0,0,0,0,0,0,0,0,Driver Inattention/Distraction,Unspecified,,,,4525988,Ambulance,Taxi,,,
05/08/2022,15:06,,,40.802822,-73.930405,"(40.802822, -73.930405)",HARLEM RIVER DRIVE,,,0,0,0,0,0,0,0,0,Aggressive Driving/Road Rage,Unspecified,,,,4526134,Station Wagon/Sport Utility Vehicle,Sedan,,,
05/08/2022,19:30,QUEENS,11354,40.755917,-73.83609,"(40.755917, -73.83609)",,,131-05    40 ROAD,0,0,0,0,0,0,0,0,Failure to Yield Right-of-Way,Unspecified,,,,4525845,Station Wagon/Sport Utility Vehicle,Station Wagon/Sport Utility Vehicle,,,
05/08/2022,6:16,,,40.72293,-73.847336,"(40.72293, -73.847336)",YELLOWSTONE BOULEVARD,QUEENS BOULEVARD,,0,0,0,0,0,0,0,0,Driver Inattention/Distraction,,,,,4525701,Sedan,,,,
05/08/2022,6:40,BROOKLYN,11233,40.672497,-73.91686,"(40.672497, -73.91686)",SARATOGA AVENUE,PROSPECT PLACE,,1,0,0,0,0,0,1,0,Unspecified,Unspecified,,,,4526354,Sedan,Sedan,,,
05/08/2022,8:35,BRONX,10454,40.807552,-73.91922,"(40.807552, -73.91922)",EAST 138 STREET,BROOK AVENUE,,1,0,0,0,0,0,0,0,Backing Unsafely,Unspecified,,,,4525901,E-Scooter,,,,
05/08/2022,16:58,,,40.73769,-73.76858,"(40.73769, -73.76858)",CLEARVIEW EXPRESSWAY,,,0,0,0,0,0,0,0,0,Unspecified,Unspecified,,,,4525888,Sedan,Sedan,,,
05/08/2022,3:51,BRONX,10455,40.815994,-73.90012,"(40.815994, -73.90012)",,,717       KELLY STREET,0,0,0,0,0,0,0,0,Unspecified,Unspecified,Unspecified,Unspecified,,4526568,Sedan,Sedan,Station Wagon/Sport Utility Vehicle,Station Wagon/Sport Utility Vehicle,
05/08/2022,2:30,BRONX,10453,40.8562,-73.90523,"(40.8562, -73.90523)",JEROME AVENUE,CAMERON PLACE,,1,0,0,0,0,0,1,0,Driver Inattention/Distraction,Unspecified,,,,4525972,Sedan,Station Wagon/Sport Utility Vehicle,,,
05/08/2022,22:25,,,40.83639,-73.91588,"(40.83639, -73.91588)",EAST 169 STREET,,,0,0,0,0,0,0,0,0,Unsafe Speed,Unspecified,,,,4526034,Sedan,Sedan,,,
05/08/2022,11:52,STATEN ISLAND,10306,40.58117,-74.09855,"(40.58117, -74.09855)",,,2001      HYLAN BOULEVARD,0,0,0,0,0,0,0,0,Following Too Closely,,,,,4526518,Station Wagon/Sport Utility Vehicle,,,,
05/08/2022,10:45,,,40.834198,-73.85169,"(40.834198, -73.85169)",CASTLE HILL AVENUE,WESTCHESTER AVENUE,,2,0,1,0,0,0,1,0,Failure to Yield Right-of-Way,,,,,4526093,Sedan,,,,
05/08/2022,9:45,,,40.804695,-73.92239,"(40.804695, -73.92239)",BRUCKNER BOULEVARD,,,0,0,0,0,0,0,0,0,Unspecified,,,,,4525940,Sedan,,,,
05/08/2022,20:30,QUEENS,11372,40.751102,-73.8912,"(40.751102, -73.8912)",75 STREET,35 AVENUE,,0,0,0,0,0,0,0,0,Driver Inattention/Distraction,Unspecified,,,,4526478,Station Wagon/Sport Utility Vehicle,Station Wagon/Sport Utility Vehicle,,,
05/08/2022,8:53,,,40.675354,-73.89006,"(40.675354, -73.89006)",LIBERTY AVENUE,,,1,0,0,0,0,0,1,0,Unspecified,Unspecified,Unspecified,Unspecified,Unspecified,4526012,Sedan,Sedan,Station Wagon/Sport Utility Vehicle,Station Wagon/Sport Utility Vehicle,Station Wagon/Sport Utility Vehicle
05/08/2022,4:15,MANHATTAN,10033,40.851105,-73.92845,"(40.851105, -73.92845)",,,495       WEST 186 STREET,0,0,0,0,0,0,0,0,Driver Inattention/Distraction,Unspecified,,,,4526807,Station Wagon/Sport Utility Vehicle,Station Wagon/Sport Utility Vehicle,,,
05/08/2022,12:30,,,,,,HUTCHINSON RIVER PARKWAY,,,1,0,0,0,0,0,1,0,Following Too Closely,Outside Car Distraction,,,,4526909,Station Wagon/Sport Utility Vehicle,ambulance,,,
05/08/2022,9:15,QUEENS,11385,40.70602,-73.88364,"(40.70602, -73.88364)",,,69-08     69 PLACE,0,0,0,0,0,0,0,0,Unspecified,,,,,4526963,Station Wagon/Sport Utility Vehicle,,,,
05/08/2022,21:24,BRONX,10463,40.877827,-73.90999,"(40.877827, -73.90999)",ADRIAN AVENUE,WEST 228 STREET,,1,0,1,0,0,0,0,0,Driver Inattention/Distraction,,,,,4526806,Sedan,,,,
05/08/2022,17:20,,,40.84869,-73.90329,"(40.84869, -73.90329)",EAST TREMONT AVENUE,,,0,0,0,0,0,0,0,0,Driver Inattention/Distraction,Unspecified,Unspecified,Unspecified,Unspecified,4526743,Sedan,Sedan,Sedan,Station Wagon/Sport Utility Vehicle,Station Wagon/Sport Utility Vehicle
05/08/2022,0:15,,,40.704346,-73.98459,"(40.704346, -73.98459)",JOHN STREET,,,0,0,0,0,0,0,0,0,Unsafe Speed,Unspecified,,,,4526864,Station Wagon/Sport Utility Vehicle,Station Wagon/Sport Utility Vehicle,,,
05/08/2022,0:05,BROOKLYN,11209,40.624393,-74.03495,"(40.624393, -74.03495)",,,157       86 STREET,0,0,0,0,0,0,0,0,Unspecified,Unspecified,,,,4526788,Sedan,,,,
05/08/2022,20:22,MANHATTAN,10016,0,0,"(0.0, 0.0)",EAST 37 STREET,3 AVENUE,,0,0,0,0,0,0,0,0,Alcohol Involvement,,,,,4526878,Sedan,,,,
05/08/2022,23:33,,,40.681118,-73.96443,"(40.681118, -73.96443)",WASHINGTON AVENUE,,,0,0,0,0,0,0,0,0,Driver Inattention/Distraction,Unspecified,,,,4526903,Taxi,Station Wagon/Sport Utility Vehicle,,,
05/08/2022,13:25,BRONX,10463,0,0,"(0.0, 0.0)",WEST 234 STREET,KINGSBRIDGE AVENUE,,0,0,0,0,0,0,0,0,Unspecified,Unspecified,,,,4526786,Sedan,Sedan,,,
05/08/2022,10:15,,,40.823315,-73.94901,"(40.823315, -73.94901)",AMSTERDAM AVENUE,,,0,0,0,0,0,0,0,0,Passing or Lane Usage Improper,Unspecified,,,,4526758,Sedan,Bus,,,
05/08/2022,13:20,MANHATTAN,10018,40.75619,-73.99057,"(40.75619, -73.99057)",,,625       8 AVENUE,0,0,0,0,0,0,0,0,Following Too Closely,Following Too Closely,,,,4526726,Sedan,,,,
05/08/2022,15:50,BRONX,10455,40.81361,-73.913345,"(40.81361, -73.913345)",EAST 148 STREET,SAINT ANNS AVENUE,,0,0,0,0,0,0,0,0,Driver Inattention/Distraction,Failure to Yield Right-of-Way,,,,4526774,Ford,Sedan,,,
05/08/2022,4:32,MANHATTAN,10002,40.72293,-73.98865,"(40.72293, -73.98865)",EAST HOUSTON STREET,1 AVENUE,,1,0,0,0,0,0,1,0,Traffic Control Disregarded,Unspecified,,,,4526960,Sedan,Station Wagon/Sport Utility Vehicle,,,
05/08/2022,19:52,BROOKLYN,11205,40.688324,-73.96482,"(40.688324, -73.96482)",LAFAYETTE AVENUE,SAINT JAMES PLACE,,0,0,0,0,0,0,0,0,Unspecified,,,,,4526751,E-Scooter,,,,
05/08/2022,11:21,QUEENS,11368,40.756298,-73.872116,"(40.756298, -73.872116)",,,33-28     96 STREET,0,0,0,0,0,0,0,0,Unspecified,,,,,4526768,Station Wagon/Sport Utility Vehicle,,,,
05/08/2022,20:19,MANHATTAN,10033,40.850227,-73.93982,"(40.850227, -73.93982)",,,819       WEST 180 STREET,0,0,0,0,0,0,0,0,Unspecified,Unspecified,,,,4526817,Sedan,,,,
05/08/2022,0:00,BRONX,10469,40.87307,-73.84424,"(40.87307, -73.84424)",EASTCHESTER ROAD,BURKE AVENUE,,2,0,0,0,0,0,2,0,Driver Inattention/Distraction,Unspecified,,,,4526931,Sedan,Sedan,,,
05/08/2022,2:50,BROOKLYN,11211,40.71454,-73.95171,"(40.71454, -73.95171)",UNION AVENUE,CONSELYEA STREET,,0,0,0,0,0,0,0,0,View Obstructed/Limited,Unspecified,,,,4526796,Station Wagon/Sport Utility Vehicle,Tractor Truck Gasoline,,,
05/08/2022,3:15,BRONX,10465,0,0,"(0.0, 0.0)",COUNTRY CLUB ROAD,MACDONOUGH PLACE,,1,0,0,0,0,0,1,0,Unsafe Speed,Unspecified,,,,4527204,Sedan,Sedan,,,
05/08/2022,22:55,,,40.628662,-74.13675,"(40.628662, -74.13675)",DECKER AVENUE,CATHERINE STREET,,1,0,0,0,0,0,1,0,Driver Inattention/Distraction,Unspecified,,,,4527110,Station Wagon/Sport Utility Vehicle,,,,
05/08/2022,17:00,BROOKLYN,11234,0,0,"(0.0, 0.0)",EAST 63 STREET,AVENUE T,,4,0,0,0,0,0,4,0,Other Vehicular,Driver Inexperience,Unspecified,,,4527239,Sedan,Sedan,Sedan,,
05/08/2022,4:17,BRONX,10463,40.881382,-73.90303,"(40.881382, -73.90303)",,,5680      BROADWAY,0,0,0,0,0,0,0,0,Unspecified,Unspecified,Unspecified,,,4527107,Sedan,Convertible,Sedan,,
05/08/2022,0:30,,,40.531128,-74.162636,"(40.531128, -74.162636)",ARDEN AVENUE,,,1,0,0,0,0,0,1,0,Reaction to Uninvolved Vehicle,Unspecified,,,,4527087,Station Wagon/Sport Utility Vehicle,Pick-up Truck,,,
05/08/2022,23:30,BRONX,10472,40.827515,-73.86747,"(40.827515, -73.86747)",,,1744      WATSON AVENUE,0,0,0,0,0,0,0,0,Driver Inattention/Distraction,Unspecified,,,,4527044,Station Wagon/Sport Utility Vehicle,,,,
05/08/2022,17:24,,,40.84852,-73.935936,"(40.84852, -73.935936)",WEST 179 STREET,,,2,0,0,0,0,0,2,0,Following Too Closely,Unspecified,,,,4527915,Sedan,Sedan,,,
05/08/2022,12:30,QUEENS,11373,40.731182,-73.871605,"(40.731182, -73.871605)",WOODHAVEN BOULEVARD,WETHEROLE STREET,,0,0,0,0,0,0,0,0,Driver Inattention/Distraction,Unspecified,,,,4527424,Station Wagon/Sport Utility Vehicle,,,,
05/08/2022,15:55,,,40.67725,-73.92754,"(40.67725, -73.92754)",ATLANTIC AVENUE,,,2,0,0,0,0,0,2,0,Driver Inattention/Distraction,Driver Inattention/Distraction,,,,4527731,Taxi,Sedan,,,
05/08/2022,20:37,BROOKLYN,11203,40.651104,-73.94381,"(40.651104, -73.94381)",CHURCH AVENUE,BROOKLYN AVENUE,,0,0,0,0,0,0,0,0,Traffic Control Disregarded,Unspecified,,,,4528058,Sedan,Motorcycle,,,
05/08/2022,16:45,BRONX,10475,40.86832,-73.83317,"(40.86832, -73.83317)",EDSON AVENUE,BARTOW AVENUE,,1,0,0,0,0,0,1,0,Following Too Closely,Unspecified,,,,4528026,Station Wagon/Sport Utility Vehicle,Station Wagon/Sport Utility Vehicle,,,
05/08/2022,18:55,,,40.606422,-74.0147,"(40.606422, -74.0147)",15 AVENUE,,,1,0,0,0,1,0,0,0,Unspecified,Unspecified,,,,4527440,Sedan,Bike,,,
05/08/2022,20:06,QUEENS,11421,40.69366,-73.85217,"(40.69366, -73.85217)",WOODHAVEN BOULEVARD,JAMAICA AVENUE,,1,0,1,0,0,0,0,0,Failure to Yield Right-of-Way,,,,,4527464,Station Wagon/Sport Utility Vehicle,,,,
05/08/2022,22:57,,,40.68038,-73.80466,"(40.68038, -73.80466)",VAN WYCK EXPWY,,,1,0,0,0,0,0,1,0,Passing Too Closely,Unspecified,,,,4527561,Station Wagon/Sport Utility Vehicle,Sedan,,,
05/08/2022,22:13,QUEENS,11377,40.75054,-73.896545,"(40.75054, -73.896545)",69 STREET,35 AVENUE,,0,0,0,0,0,0,0,0,Driver Inattention/Distraction,Unspecified,,,,4527585,Station Wagon/Sport Utility Vehicle,Sedan,,,
05/08/2022,19:17,,,40.668507,-73.92561,"(40.668507, -73.92561)",BUFFALO AVENUE,,,0,0,0,0,0,0,0,0,Driver Inattention/Distraction,Unspecified,,,,4527733,Sedan,,,,
05/08/2022,19:00,QUEENS,11436,40.667473,-73.79388,"(40.667473, -73.79388)",135 AVENUE,INWOOD STREET,,0,0,0,0,0,0,0,0,Unsafe Speed,Unspecified,,,,4528070,Station Wagon/Sport Utility Vehicle,Station Wagon/Sport Utility Vehicle,,,
05/08/2022,11:55,BRONX,10461,40.83779,-73.83141,"(40.83779, -73.83141)",,,1323      BRADFORD AVENUE,0,0,0,0,0,0,0,0,Unspecified,,,,,4528003,Station Wagon/Sport Utility Vehicle,,,,
05/08/2022,19:45,STATEN ISLAND,10304,40.61653,-74.08699,"(40.61653, -74.08699)",VANDUZER STREET,METCALFE STREET,,1,0,0,0,0,0,1,0,Driver Inattention/Distraction,Unspecified,,,,4528655,Sedan,Sedan,,,
05/08/2022,4:30,MANHATTAN,10011,40.741077,-74.001564,"(40.741077, -74.001564)",WEST 16 STREET,8 AVENUE,,1,0,0,0,0,0,1,0,Following Too Closely,Unspecified,,,,4528525,Station Wagon/Sport Utility Vehicle,Station Wagon/Sport Utility Vehicle,,,
05/08/2022,21:00,BRONX,10474,,,,,,772       EDGEWATER ROAD,0,0,0,0,0,0,0,0,Backing Unsafely,Unspecified,,,,4528610,Sedan,Tractor Truck Diesel,,,
05/08/2022,13:30,QUEENS,11364,40.747704,-73.75447,"(40.747704, -73.75447)",223 PLACE,64 AVENUE,,0,0,0,0,0,0,0,0,Passing or Lane Usage Improper,Following Too Closely,,,,4528633,Sedan,Sedan,,,
05/08/2022,22:05,,,40.69757,-73.87144,"(40.69757, -73.87144)",JACKIE ROBINSON PKWY,,,1,0,0,0,0,0,1,0,Other Vehicular,Unspecified,Unspecified,,,4528529,Sedan,Sedan,Pick-up Truck,,
05/08/2022,16:00,,,40.711033,-73.7281,"(40.711033, -73.7281)",CROSS ISLAND PARKWAY,,,5,0,0,0,0,0,5,0,Unspecified,Unspecified,,,,4525863,Sedan,Sedan,,,
05/08/2022,3:45,QUEENS,11373,40.739613,-73.86705,"(40.739613, -73.86705)",,,53-09     JUNCTION BOULEVARD,1,0,0,0,1,0,0,0,Driver Inattention/Distraction,Unspecified,,,,4529031,Bike,,,,
05/08/2022,19:34,BRONX,10463,40.877304,-73.90062,"(40.877304, -73.90062)",PEROT STREET,KINGSBRIDGE TERRACE,,0,0,0,0,0,0,0,0,Unspecified,Unspecified,,,,4528939,Tanker,Sedan,,,
05/08/2022,14:31,,,40.83301,-73.95027,"(40.83301, -73.95027)",HENRY HUDSON PARKWAY,,,0,1,0,1,0,0,0,0,Unspecified,,,,,4525853,Sedan,,,,
05/08/2022,17:22,QUEENS,11412,40.688236,-73.76196,"(40.688236, -73.76196)",FARMERS BOULEVARD,119 AVENUE,,1,0,0,0,0,0,1,0,Following Too Closely,Unspecified,,,,4526778,Station Wagon/Sport Utility Vehicle,Sedan,,,
05/08/2022,5:35,MANHATTAN,10026,40.802307,-73.954445,"(40.802307, -73.954445)",,,214       WEST 114 STREET,0,0,0,0,0,0,0,0,Driver Inattention/Distraction,Unspecified,,,,4529204,Sedan,Sedan,,,
05/08/2022,23:00,,,40.76803,-73.87722,"(40.76803, -73.87722)",93 STREET,,,0,0,0,0,0,0,0,0,Unspecified,Unspecified,,,,4529260,Sedan,,,,
05/08/2022,12:50,QUEENS,11385,0,0,"(0.0, 0.0)",SENECA AVENUE,HARMAN STREET,,0,0,0,0,0,0,0,0,Unspecified,Unspecified,,,,4529598,Sedan,Sedan,,,
05/08/2022,18:06,QUEENS,11103,40.75702,-73.91483,"(40.75702, -73.91483)",,,45-11     BROADWAY,0,0,0,0,0,0,0,0,Failure to Yield Right-of-Way,Unspecified,,,,4529636,Station Wagon/Sport Utility Vehicle,Sedan,,,
05/08/2022,16:00,BROOKLYN,11207,40.649452,-73.89149,"(40.649452, -73.89149)",,,974       WILLIAMS AVENUE,0,0,0,0,0,0,0,0,Unspecified,,,,,4529752,Sedan,,,,
05/08/2022,22:40,BROOKLYN,11236,40.640285,-73.90473,"(40.640285, -73.90473)",,,1178      EAST 91 STREET,0,0,0,0,0,0,0,0,Driver Inattention/Distraction,Unspecified,Unspecified,,,4529626,Station Wagon/Sport Utility Vehicle,Station Wagon/Sport Utility Vehicle,,,
05/08/2022,15:35,,,40.806614,-73.90769,"(40.806614, -73.90769)",BRUCKNER BOULEVARD,SOUTHERN BOULEVARD,,1,0,0,0,0,0,1,0,Traffic Control Disregarded,Unspecified,,,,4530517,Sedan,Sedan,,,
05/08/2022,3:14,BRONX,10452,,,,WEST MOUNT EDEN AVENUE,JEROME AVENUE,,0,0,0,0,0,0,0,0,Other Vehicular,Other Vehicular,Aggressive Driving/Road Rage,,,4530498,Sedan,Sedan,Sedan,,
05/08/2022,17:30,BROOKLYN,11214,0,0,"(0.0, 0.0)",,,1907      CROPSEY AVENUE,0,0,0,0,0,0,0,0,Driver Inattention/Distraction,Unspecified,,,,4530495,Sedan,,,,
05/08/2022,11:00,MANHATTAN,10019,,,,,,881       10 AVENUE,0,0,0,0,0,0,0,0,Driver Inattention/Distraction,Driver Inattention/Distraction,,,,4530350,Sedan,Tractor Truck Gasoline,,,
05/08/2022,8:33,,,0,0,"(0.0, 0.0)",120 AVENUE,,,1,1,1,1,0,0,0,0,Aggressive Driving/Road Rage,Unspecified,Unspecified,Unspecified,Unspecified,4525858,Station Wagon/Sport Utility Vehicle,Sedan,Station Wagon/Sport Utility Vehicle,Sedan,Station Wagon/Sport Utility Vehicle
05/08/2022,3:30,,,,,,LAFAYETTE AVENUE,HUTCHINSON RIVER PARKWAY,,0,0,0,0,0,0,0,0,Alcohol Involvement,Unspecified,,,,4531348,Sedan,Sedan,,,
05/08/2022,10:01,,,,,,144 AVENUE,144TH AVENUE SPRINGFIELD BLVD,,1,0,0,0,0,0,1,0,Unsafe Speed,Unspecified,Unspecified,,,4531344,Sedan,Sedan,Sedan,,
05/08/2022,4:40,QUEENS,11105,40.777496,-73.91347,"(40.777496, -73.91347)",,,22-10     27 STREET,0,0,0,0,0,0,0,0,Unspecified,Unspecified,Unspecified,,,4533100,Station Wagon/Sport Utility Vehicle,Station Wagon/Sport Utility Vehicle,Station Wagon/Sport Utility Vehicle,,
05/08/2022,6:06,BROOKLYN,11235,40.577995,-73.95964,"(40.577995, -73.95964)",CONEY ISLAND AVENUE,BRIGHTON BEACH AVENUE,,0,0,0,0,0,0,0,0,Unspecified,,,,,4534217,Station Wagon/Sport Utility Vehicle,,,,
